[
  {
    "id": 1,
    "displayName": "dae",
    "username": "daedawdaw",
    "profilePicName": "dae",
    "imageNames": [
      "dae_1",
      "dae_2",
      "dae_3",
      "dae_4",
      "dae_5",
      "dae_6",
      "dae_7",
      "dae_8",
      "dae_9",
      "dae_10",
      "dae_11",
      "dae_12",
      "dae_13",
      "dae_14",
      "dae_15"
    ],
    "isFavorite": true
  },
  {
    "id": 2,
    "displayName": "juwei",
    "username": "juwei_",
    "profilePicName": "juwei_",
    "imageNames": [
      "juwei_1",
      "juwei_2",
      "juwei_3",
      "juwei_4",
      "juwei_5",
      "juwei_6",
      "juwei_7",
      "juwei_8",
      "juwei_9",
      "juwei_10",
      "juwei_11",
      "juwei_12",
      "juwei_13",
      "juwei_14",
      "juwei_15",
      "juwei_16"
    ],
    "isFavorite": true
  },
  {
    "id": 3,
    "displayName": "fuwa",
    "username": "fuwaffy",
    "profilePicName": "fuwa",
    "imageNames": [
      "fuwa_1",
      "fuwa_2",
      "fuwa_3",
      "fuwa_4",
      "fuwa_5",
      "fuwa_6",
      "fuwa_7",
      "fuwa_8",
      "fuwa_9",
      "fuwa_10",
      "fuwa_11",
      "fuwa_12",
      "fuwa_13",
      "fuwa_14",
      "fuwa_15",
      "fuwa_16",
      "fuwa_17",
      "fuwa_18"
    ],
    "isFavorite": false
  },
  {
    "id": 4,
    "displayName": "dae",
    "username": "daedawdaw",
    "profilePicName": "dae",
    "imageNames": [
      "dae_1",
      "dae_2",
      "dae_3",
      "dae_4",
      "dae_5",
      "dae_6",
      "dae_7",
      "dae_8",
      "dae_9",
      "dae_10",
      "dae_11",
      "dae_12",
      "dae_13",
      "dae_14",
      "dae_15"
    ],
    "isFavorite": false
  },
  {
    "id": 5,
    "displayName": "juwei",
    "username": "juwei_",
    "profilePicName": "juwei_",
    "imageNames": [
      "juwei_1",
      "juwei_2",
      "juwei_3",
      "juwei_4",
      "juwei_5",
      "juwei_6",
      "juwei_7",
      "juwei_8",
      "juwei_9",
      "juwei_10",
      "juwei_11",
      "juwei_12",
      "juwei_13",
      "juwei_14",
      "juwei_15",
      "juwei_16"
    ],
    "isFavorite": false
  },
  {
    "id": 6,
    "displayName": "fuwa",
    "username": "fuwaffy",
    "profilePicName": "fuwa",
    "imageNames": [
      "fuwa_1",
      "fuwa_2",
      "fuwa_3",
      "fuwa_4",
      "fuwa_5",
      "fuwa_6",
      "fuwa_7",
      "fuwa_8",
      "fuwa_9",
      "fuwa_10",
      "fuwa_11",
      "fuwa_12",
      "fuwa_13",
      "fuwa_14",
      "fuwa_15",
      "fuwa_16",
      "fuwa_17",
      "fuwa_18"
    ],
    "isFavorite": true
  },
  {
    "id": 7,
    "displayName": "dae",
    "username": "daedawdaw",
    "profilePicName": "dae",
    "imageNames": [
      "dae_1",
      "dae_2",
      "dae_3",
      "dae_4",
      "dae_5",
      "dae_6",
      "dae_7",
      "dae_8",
      "dae_9",
      "dae_10",
      "dae_11",
      "dae_12",
      "dae_13",
      "dae_14",
      "dae_15"
    ],
    "isFavorite": false
  },
  {
    "id": 8,
    "displayName": "juwei",
    "username": "juwei_",
    "profilePicName": "juwei_",
    "imageNames": [
      "juwei_1",
      "juwei_2",
      "juwei_3",
      "juwei_4",
      "juwei_5",
      "juwei_6",
      "juwei_7",
      "juwei_8",
      "juwei_9",
      "juwei_10",
      "juwei_11",
      "juwei_12",
      "juwei_13",
      "juwei_14",
      "juwei_15",
      "juwei_16"
    ],
    "isFavorite": false
  },
  {
    "id": 9,
    "displayName": "fuwa",
    "username": "fuwaffy",
    "profilePicName": "fuwa",
    "imageNames": [
      "fuwa_1",
      "fuwa_2",
      "fuwa_3",
      "fuwa_4",
      "fuwa_5",
      "fuwa_6",
      "fuwa_7",
      "fuwa_8",
      "fuwa_9",
      "fuwa_10",
      "fuwa_11",
      "fuwa_12",
      "fuwa_13",
      "fuwa_14",
      "fuwa_15",
      "fuwa_16",
      "fuwa_17",
      "fuwa_18"
    ],
    "isFavorite": false
  },
  {
    "id": 10,
    "displayName": "dae",
    "username": "daedawdaw",
    "profilePicName": "dae",
    "imageNames": [
      "dae_1",
      "dae_2",
      "dae_3",
      "dae_4",
      "dae_5",
      "dae_6",
      "dae_7",
      "dae_8",
      "dae_9",
      "dae_10",
      "dae_11",
      "dae_12",
      "dae_13",
      "dae_14",
      "dae_15"
    ],
    "isFavorite": true
  },
  {
    "id": 11,
    "displayName": "juwei",
    "username": "juwei_",
    "profilePicName": "juwei_",
    "imageNames": [
      "juwei_1",
      "juwei_2",
      "juwei_3",
      "juwei_4",
      "juwei_5",
      "juwei_6",
      "juwei_7",
      "juwei_8",
      "juwei_9",
      "juwei_10",
      "juwei_11",
      "juwei_12",
      "juwei_13",
      "juwei_14",
      "juwei_15",
      "juwei_16"
    ],
    "isFavorite": false
  },
  {
    "id": 12,
    "displayName": "fuwa",
    "username": "fuwaffy",
    "profilePicName": "fuwa",
    "imageNames": [
      "fuwa_1",
      "fuwa_2",
      "fuwa_3",
      "fuwa_4",
      "fuwa_5",
      "fuwa_6",
      "fuwa_7",
      "fuwa_8",
      "fuwa_9",
      "fuwa_10",
      "fuwa_11",
      "fuwa_12",
      "fuwa_13",
      "fuwa_14",
      "fuwa_15",
      "fuwa_16",
      "fuwa_17",
      "fuwa_18"
    ],
    "isFavorite": true
  }
]
